{
  "name": "MQE",
  "id": "mqe-datasource",
  "type": "datasource",

  "staticRoot": ".",

  "partials": {
    "config": "public/app/plugins/datasource/mqe/partials/config.html"
  },

  "metrics": true,
  "annotations": false,
  "alerting": true,

  "info": {
    "description": "MQE (Metrics Query Engine) datasource",
    "author": {
      "name": "",
      "url": ""
    },
    "logos": {
    },
    "links": [
      {"name": "GitHub", "url": "https://github.com/Staples-Inc/mqe-datasource"},
      {"name": "Apache 2.0", "url": "https://github.com/Staples-Inc/mqe-datasource/blob/master/LICENSE"}
    ],
    "version": "0.0.1",
    "updated": "2016-07-18"
  },

  "dependencies": {
    "grafanaVersion": "3.x.x",
    "plugins": []
  }
}
